chemist,Name,selection,trust_prob,llm,signal,overshoot,ratio,balance,missing_peaks,extra_peaks
C,ARR_45,neither a nor b,0.2676353209933107,0.15,20604.851680745138,2838.042890768674,7.2602326581344885,0.75274,49.0,14.0
C,TRI_106,neither a nor b,0.30050594804902864,0.3,18371.025572999282,3392.3258475250154,5.415466083956079,0.375,35.0,0.0
C,TRI_113,neither a nor b,0.3688892095119742,0.35,18399.3039226852,1742.611544941025,10.55846552612383,0.99,22.0,7.0
C,ARR_46,neither a nor b,0.37619617878497796,0.55,14991.822958616947,1610.3337686669354,9.30976127453842,0.7093,29.0,25.0
C,TRI_104,neither a nor b,0.6426299182829645,0.8,18157.313610425557,268.30611927467163,67.6738706501042,0.9998222222222222,24.0,40.0
