{
    "TRI_11": {
        "I_1": {
            "phases": [
                "V2O5_11",
                "CaC2_2",
                "CaCO3_166"
            ],
            "phase_cifs": [
                "cifs/V2O5_11_(cod_2102583)-11.cif",
                "cifs/CaC2_2_(cod_1540818)-9.cif",
                "cifs/CaCO3_166_(cod_1547381)-None.cif"
            ],
            "phase_icsd": [
                null,
                null,
                null
            ],
            "weight_fraction": [
                36.064706168427136,
                43.89455686630513,
                20.040736965267733
            ],
            "rwp": 15.79,
            "search_result_rwp": 19.29,
            "search_result_score": 0.16397950427318353,
            "score": 0.288435758806017,
            "normalized_rwp": 0.7368333333333333,
            "missing_peaks": 54,
            "extra_peaks": 6,
            "peaks_calculated": 74,
            "peaks_observed": 113,
            "signal_above_bkg_score": 10467.073486094003,
            "bkg_overshoot_score": 988.2130758967269,
            "cell_parameters": {
                "V2O5_11_(cod_2102583)-11": {
                    "a": 0.63415,
                    "b": 0.361295,
                    "c": 0.71892,
                    "alpha": 90.0,
                    "beta": 88.2676,
                    "gamma": 90.0
                },
                "CaC2_2_(cod_1540818)-9": {
                    "a": 0.40188,
                    "b": 0.73955,
                    "c": 0.73647,
                    "alpha": 72.2537,
                    "beta": 85.053,
                    "gamma": [
                        87.499,
                        0.048
                    ]
                }
            },
            "interpretation_importance": 100.0,
            "balance_score": 0.9804,
            "normalized_score": 0.5514939227946749,
            "LLM_phases_likelihood": {
                "V2O5 (space group 11)": 0.7,
                "CaC2 (space group 2)": 0.1,
                "CaCO3 (space group 166)": 0.6
            },
            "LLM_phases_explanation": {
                "V2O5 (space group 11)": "V2O5 is a stable phase at 900\u00b0C in air, likely present as unreacted precursor or due to incomplete reaction. Its presence is plausible given the synthesis conditions.",
                "CaC2 (space group 2)": "CaC2 is highly unlikely to form under these conditions, especially in ambient air, as it is a carbide that would require a reducing atmosphere. Its presence is implausible.",
                "CaCO3 (space group 166)": "CaCO3 can persist if not fully decomposed, especially if the reaction is incomplete. It is plausible as a residual precursor."
            },
            "LLM_interpretation_likelihood": 0.3,
            "LLM_interpretation_explanation": "The presence of CaC2 is highly implausible under the given conditions, significantly reducing the overall likelihood. V2O5 and CaCO3 are plausible as unreacted precursors, but the interpretation lacks the expected CaVO2 phase.",
            "prior_probability": 0.6969000000000001,
            "fit_quality": 0.6750535298204472,
            "trust_score": 0.521886,
            "pen_llm": 0.689974,
            "comp_llm": 0.310026,
            "pen_signal": 0.357363,
            "comp_signal": 0.642637,
            "pen_overshoot": 0.362446,
            "comp_overshoot": 0.637554,
            "pen_ratio": 0.764136,
            "comp_ratio": 0.235864,
            "pen_balance": 0.045512,
            "comp_balance": 0.954488,
            "pen_peak": 0.595813,
            "comp_peak": 0.404187,
            "pen_rwp": 0.531558,
            "comp_rwp": 0.468442,
            "trustworthy": false,
            "posterior_probability": 0.553769232819765
        },
        "I_2": {
            "phases": [
                "CaC2_2",
                "CaCO3_167",
                "V7O13_2"
            ],
            "phase_cifs": [
                "cifs/CaC2_2_(cod_1540818)-9.cif",
                "cifs/CaCO3_167_(cod_1547370)-0.cif",
                "cifs/V7O13_2_(cod_1530103)-0.cif"
            ],
            "phase_icsd": [
                null,
                null,
                null
            ],
            "weight_fraction": [
                60.932208450802364,
                30.067093163199203,
                9.000698385998438
            ],
            "rwp": 17.07,
            "search_result_rwp": 21.8,
            "search_result_score": 0.0879585988431169,
            "score": 0.06474029561920919,
            "normalized_rwp": 0.7155,
            "missing_peaks": 67,
            "extra_peaks": 10,
            "peaks_calculated": 46,
            "peaks_observed": 113,
            "signal_above_bkg_score": 11112.71702129682,
            "bkg_overshoot_score": 806.7110490441129,
            "cell_parameters": {
                "CaC2_2_(cod_1540818)-9": {
                    "a": 0.38849,
                    "b": 0.72943,
                    "c": 0.73281,
                    "alpha": 72.2537,
                    "beta": 84.84,
                    "gamma": 86.9045
                },
                "V7O13_2_(cod_1530103)-0": {
                    "a": 0.53971,
                    "b": 0.68951,
                    "c": 1.10468,
                    "alpha": [
                        85.15,
                        0.029
                    ],
                    "beta": 90.068,
                    "gamma": [
                        71.729,
                        0.023
                    ]
                }
            },
            "interpretation_importance": 0.0,
            "balance_score": 0.8319,
            "normalized_score": 0.37100796097967825,
            "LLM_phases_likelihood": {
                "CaC2 (space group 2)": 0.1,
                "CaCO3 (space group 167)": 0.6,
                "V7O13 (space group 2)": 0.5
            },
            "LLM_phases_explanation": {
                "CaC2 (space group 2)": "As in I_1, CaC2 is unlikely to form in ambient air due to its carbide nature, requiring reducing conditions.",
                "CaCO3 (space group 167)": "CaCO3 can remain as a residual precursor if not fully decomposed, especially in a short reaction time or incomplete reaction.",
                "V7O13 (space group 2)": "V7O13 is a plausible vanadium oxide phase that can form under oxidizing conditions, though it is less common than V2O5. Its presence is possible but not highly expected."
            },
            "LLM_interpretation_likelihood": 0.35,
            "LLM_interpretation_explanation": "The presence of CaC2 remains implausible, and while V7O13 is a possible phase, the absence of CaVO2 and the presence of unlikely phases reduce the overall plausibility. The composition balance score is lower, indicating a mismatch with the target composition.",
            "prior_probability": 0.6311083333333333,
            "fit_quality": 0.6006693203265594,
            "trust_score": 0.525879,
            "pen_llm": 0.598688,
            "comp_llm": 0.401312,
            "pen_signal": 0.300465,
            "comp_signal": 0.699535,
            "pen_overshoot": 0.259461,
            "comp_overshoot": 0.740539,
            "pen_ratio": 0.580926,
            "comp_ratio": 0.419074,
            "pen_balance": 0.135264,
            "comp_balance": 0.864736,
            "pen_peak": 0.861992,
            "comp_peak": 0.138008,
            "pen_rwp": 0.582051,
            "comp_rwp": 0.417949,
            "trustworthy": false,
            "posterior_probability": 0.44623076718023513
        }
    }
}